{
  "version": 1,
  "author": "Jakub Wąsik",
  "editor": "wokwi",
  "parts": [
    { "type": "wokwi-arduino-uno", "id": "uno", "top": -18.6, "left": 95.4, "attrs": {} },
    {
      "type": "wokwi-pushbutton",
      "id": "btn1",
      "top": -220.7,
      "left": 169.5,
      "rotate": 270,
      "attrs": { "color": "green" }
    },
    { "type": "wokwi-lcd1602", "id": "lcd1", "top": -246.17, "left": -396.8, "attrs": {} },
    {
      "type": "wokwi-resistor",
      "id": "r1",
      "top": 138.35,
      "left": -96,
      "attrs": { "value": "10000" }
    },
    {
      "type": "wokwi-resistor",
      "id": "r2",
      "top": -15.25,
      "left": 374.4,
      "attrs": { "value": "220000" }
    },
    {
      "type": "wokwi-buzzer",
      "id": "bz1",
      "top": -132,
      "left": 395.4,
      "attrs": { "volume": "0.1" }
    },
    {
      "type": "wokwi-pushbutton",
      "id": "btn2",
      "top": -220.7,
      "left": 246.3,
      "rotate": 270,
      "attrs": { "color": "green" }
    },
    {
      "type": "wokwi-pushbutton",
      "id": "btn3",
      "top": -220.7,
      "left": 35.1,
      "rotate": 270,
      "attrs": { "color": "green" }
    },
    {
      "type": "wokwi-pushbutton",
      "id": "btn4",
      "top": -220.9,
      "left": -54.1,
      "rotate": 90,
      "attrs": { "color": "green" }
    }
  ],
  "connections": [
    [ "r2:1", "uno:2", "green", [ "v0" ] ],
    [ "r2:2", "uno:5V", "green", [ "v182.4", "h-177.8" ] ],
    [ "lcd1:VSS", "uno:GND.1", "green", [ "v0" ] ],
    [ "lcd1:VDD", "uno:5V", "green", [ "v0" ] ],
    [ "lcd1:V0", "uno:GND.1", "green", [ "v0" ] ],
    [ "lcd1:RS", "uno:7", "green", [ "v0" ] ],
    [ "lcd1:RW", "uno:GND.1", "green", [ "v0" ] ],
    [ "lcd1:E", "uno:8", "green", [ "v0" ] ],
    [ "lcd1:D4", "uno:9", "green", [ "v0" ] ],
    [ "lcd1:D5", "uno:10", "green", [ "v0" ] ],
    [ "lcd1:D6", "uno:11", "green", [ "v0" ] ],
    [ "lcd1:D7", "uno:12", "green", [ "v0" ] ],
    [ "lcd1:A", "r1:1", "green", [ "v0" ] ],
    [ "r1:2", "uno:5V", "green", [ "v0" ] ],
    [ "lcd1:K", "uno:GND.1", "green", [ "v0" ] ],
    [ "btn1:1.l", "uno:2", "green", [ "h0" ] ],
    [ "btn1:2.l", "uno:GND.1", "green", [ "h0" ] ],
    [ "bz1:1", "uno:4", "green", [ "v0" ] ],
    [ "bz1:2", "uno:GND.1", "green", [ "v0" ] ],
    [ "btn2:1.l", "uno:3", "green", [ "h0" ] ],
    [ "btn2:2.l", "uno:GND.1", "green", [ "h0" ] ],
    [ "btn3:2.l", "uno:5", "green", [ "v0" ] ],
    [ "btn3:1.l", "uno:GND.1", "green", [ "v0" ] ],
    [ "btn4:1.r", "uno:6", "green", [ "v0" ] ],
    [ "btn4:2.r", "uno:GND.1", "green", [ "v0" ] ]
  ],
  "dependencies": {}
}